{
  "hash": "f669e477",
  "configHash": "38055435",
  "lockfileHash": "bc535c72",
  "browserHash": "bbc31c20",
  "optimized": {
    "@angular/common": {
      "src": "../../../../../node_modules/@angular/common/fesm2022/common.mjs",
      "file": "@angular_common.js",
      "fileHash": "3c40293f",
      "needsInterop": false
    },
    "@angular/core": {
      "src": "../../../../../node_modules/@angular/core/fesm2022/core.mjs",
      "file": "@angular_core.js",
      "fileHash": "c311949f",
      "needsInterop": false
    },
    "@angular/forms": {
      "src": "../../../../../node_modules/@angular/forms/fesm2022/forms.mjs",
      "file": "@angular_forms.js",
      "fileHash": "65bbfbaf",
      "needsInterop": false
    },
    "@angular/platform-browser": {
      "src": "../../../../../node_modules/@angular/platform-browser/fesm2022/platform-browser.mjs",
      "file": "@angular_platform-browser.js",
      "fileHash": "e430790b",
      "needsInterop": false
    },
    "@angular/router": {
      "src": "../../../../../node_modules/@angular/router/fesm2022/router.mjs",
      "file": "@angular_router.js",
      "fileHash": "9648cb7f",
      "needsInterop": false
    },
    "rxjs": {
      "src": "../../../../../node_modules/rxjs/dist/esm5/index.js",
      "file": "rxjs.js",
      "fileHash": "02b7ed54",
      "needsInterop": false
    },
    "ngx-webcam": {
      "src": "../../../../../node_modules/ngx-webcam/fesm2020/ngx-webcam.mjs",
      "file": "ngx-webcam.js",
      "fileHash": "99cf2039",
      "needsInterop": false
    }
  },
  "chunks": {
    "chunk-O3WHJ7TA": {
      "file": "chunk-O3WHJ7TA.js"
    },
    "chunk-6AM2523Y": {
      "file": "chunk-6AM2523Y.js"
    },
    "chunk-4MZAX6BM": {
      "file": "chunk-4MZAX6BM.js"
    },
    "chunk-FRPRYHQD": {
      "file": "chunk-FRPRYHQD.js"
    }
  }
}